{
	"info": {
		"_postman_id": "chat-app-api-collection",
		"name": "Chat App API Collection",
		"description": "Complete API collection for Chat Application with Authentication, Users, Messages, and Conversations",
		"schema": "https://schema.getpostman.com/json/collection/v2.1.0/collection.json"
	},
	"item": [
		{
			"name": "Authentication",
			"item": [
				{
					"name": "Sign Up",
					"request": {
						"method": "POST",
						"header": [
							{
								"key": "Content-Type",
								"value": "application/json"
							}
						],
						"body": {
							"mode": "raw",
							"raw": "{\n  \"name\": \"John Doe\",\n  \"email\": \"john@example.com\",\n  \"password\": \"password123\",\n  \"confirmPassword\": \"password123\"\n}"
						},
						"url": {
							"raw": "{{baseUrl}}/api/auth/signup",
							"host": [
								"{{baseUrl}}"
							],
							"path": [
								"api",
								"auth",
								"signup"
							]
						}
					},
					"response": []
				},
				{
					"name": "Login",
					"request": {
						"method": "POST",
						"header": [
							{
								"key": "Content-Type",
								"value": "application/json"
							}
						],
						"body": {
							"mode": "raw",
							"raw": "{\n  \"email\": \"john@example.com\",\n  \"password\": \"password123\"\n}"
						},
						"url": {
							"raw": "{{baseUrl}}/api/auth/login",
							"host": [
								"{{baseUrl}}"
							],
							"path": [
								"api",
								"auth",
								"login"
							]
						}
					},
					"response": []
				},
				{
					"name": "Forget Password",
					"request": {
						"method": "POST",
						"header": [
							{
								"key": "Content-Type",
								"value": "application/json"
							}
						],
						"body": {
							"mode": "raw",
							"raw": "{\n  \"email\": \"john@example.com\"\n}"
						},
						"url": {
							"raw": "{{baseUrl}}/api/auth/forget-password",
							"host": [
								"{{baseUrl}}"
							],
							"path": [
								"api",
								"auth",
								"forget-password"
							]
						}
					},
					"response": []
				},
				{
					"name": "Reset Password",
					"request": {
						"method": "PATCH",
						"header": [
							{
								"key": "Content-Type",
								"value": "application/json"
							}
						],
						"body": {
							"mode": "raw",
							"raw": "{\n  \"newPassword\": \"newpassword123\",\n  \"confirmNewPassword\": \"newpassword123\"\n}"
						},
						"url": {
							"raw": "{{baseUrl}}/api/auth/reset-password/{{resetToken}}",
							"host": [
								"{{baseUrl}}"
							],
							"path": [
								"api",
								"auth",
								"reset-password",
								"{{resetToken}}"
							]
						}
					},
					"response": []
				},
				{
					"name": "Update Password",
					"request": {
						"method": "PATCH",
						"header": [
							{
								"key": "Content-Type",
								"value": "application/json"
							},
							{
								"key": "Authorization",
								"value": "Bearer {{authToken}}"
							}
						],
						"body": {
							"mode": "raw",
							"raw": "{\n  \"currentPassword\": \"password123\",\n  \"newPassword\": \"newpassword123\",\n  \"confirmNewPassword\": \"newpassword123\"\n}"
						},
						"url": {
							"raw": "{{baseUrl}}/api/auth/update-password",
							"host": [
								"{{baseUrl}}"
							],
							"path": [
								"api",
								"auth",
								"update-password"
							]
						}
					},
					"response": []
				}
			]
		},
		{
			"name": "Users",
			"item": [
				{
					"name": "Get All Users",
					"request": {
						"method": "GET",
						"header": [
							{
								"key": "Authorization",
								"value": "Bearer {{authToken}}"
							}
						],
						"url": {
							"raw": "{{baseUrl}}/api/user?page=1&limit=10",
							"host": [
								"{{baseUrl}}"
							],
							"path": [
								"api",
								"user"
							],
							"query": [
								{
									"key": "page",
									"value": "1"
								},
								{
									"key": "limit",
									"value": "10"
								}
							]
						}
					},
					"response": []
				},
				{
					"name": "Get User by ID",
					"request": {
						"method": "GET",
						"header": [],
						"url": {
							"raw": "{{baseUrl}}/api/user/{{userId}}",
							"host": [
								"{{baseUrl}}"
							],
							"path": [
								"api",
								"user",
								"{{userId}}"
							]
						}
					},
					"response": []
				},
				{
					"name": "Update My Profile",
					"request": {
						"method": "POST",
						"header": [
							{
								"key": "Content-Type",
								"value": "application/json"
							},
							{
								"key": "Authorization",
								"value": "Bearer {{authToken}}"
							}
						],
						"body": {
							"mode": "raw",
							"raw": "{\n  \"name\": \"Updated Name\",\n  \"email\": \"updated@example.com\",\n  \"avatar\": \"https://example.com/avatar.jpg\"\n}"
						},
						"url": {
							"raw": "{{baseUrl}}/api/user/me",
							"host": [
								"{{baseUrl}}"
							],
							"path": [
								"api",
								"user",
								"me"
							]
						}
					},
					"response": []
				},
				{
					"name": "Delete My Account",
					"request": {
						"method": "DELETE",
						"header": [
							{
								"key": "Authorization",
								"value": "Bearer {{authToken}}"
							}
						],
						"url": {
							"raw": "{{baseUrl}}/api/user/me",
							"host": [
								"{{baseUrl}}"
							],
							"path": [
								"api",
								"user",
								"me"
							]
						}
					},
					"response": []
				},
				{
					"name": "Create User (Admin Only)",
					"request": {
						"method": "POST",
						"header": [
							{
								"key": "Content-Type",
								"value": "application/json"
							},
							{
								"key": "Authorization",
								"value": "Bearer {{authToken}}"
							}
						],
						"body": {
							"mode": "raw",
							"raw": "{\n  \"name\": \"New User\",\n  \"email\": \"newuser@example.com\",\n  \"password\": \"password123\",\n  \"confirmPassword\": \"password123\",\n  \"role\": \"user\"\n}"
						},
						"url": {
							"raw": "{{baseUrl}}/api/user",
							"host": [
								"{{baseUrl}}"
							],
							"path": [
								"api",
								"user"
							]
						}
					},
					"response": []
				},
				{
					"name": "Update User (Admin Only)",
					"request": {
						"method": "PATCH",
						"header": [
							{
								"key": "Content-Type",
								"value": "application/json"
							},
							{
								"key": "Authorization",
								"value": "Bearer {{authToken}}"
							}
						],
						"body": {
							"mode": "raw",
							"raw": "{\n  \"name\": \"Updated User Name\",\n  \"email\": \"updateduser@example.com\",\n  \"role\": \"admin\"\n}"
						},
						"url": {
							"raw": "{{baseUrl}}/api/user/{{userId}}",
							"host": [
								"{{baseUrl}}"
							],
							"path": [
								"api",
								"user",
								"{{userId}}"
							]
						}
					},
					"response": []
				},
				{
					"name": "Delete User (Admin Only)",
					"request": {
						"method": "DELETE",
						"header": [
							{
								"key": "Authorization",
								"value": "Bearer {{authToken}}"
							}
						],
						"url": {
							"raw": "{{baseUrl}}/api/user/{{userId}}",
							"host": [
								"{{baseUrl}}"
							],
							"path": [
								"api",
								"user",
								"{{userId}}"
							]
						}
					},
					"response": []
				}
			]
		},
		{
			"name": "Messages",
			"item": [
				{
					"name": "Send Message",
					"request": {
						"method": "POST",
						"header": [
							{
								"key": "Content-Type",
								"value": "application/json"
							},
							{
								"key": "Authorization",
								"value": "Bearer {{authToken}}"
							}
						],
						"body": {
							"mode": "raw",
							"raw": "{\n  \"text\": \"Hello! How are you?\",\n  \"img\": \"https://example.com/image.jpg\"\n}"
						},
						"url": {
							"raw": "{{baseUrl}}/api/messages/{{receiverId}}",
							"host": [
								"{{baseUrl}}"
							],
							"path": [
								"api",
								"messages",
								"{{receiverId}}"
							]
						}
					},
					"response": []
				},
				{
					"name": "Get Messages with User",
					"request": {
						"method": "GET",
						"header": [
							{
								"key": "Authorization",
								"value": "Bearer {{authToken}}"
							}
						],
						"url": {
							"raw": "{{baseUrl}}/api/messages/{{receiverId}}",
							"host": [
								"{{baseUrl}}"
							],
							"path": [
								"api",
								"messages",
								"{{receiverId}}"
							]
						}
					},
					"response": []
				}
			]
		},
		{
			"name": "Conversations",
			"item": [
				{
					"name": "Get My Conversations",
					"request": {
						"method": "GET",
						"header": [
							{
								"key": "Authorization",
								"value": "Bearer {{authToken}}"
							}
						],
						"url": {
							"raw": "{{baseUrl}}/api/conversations",
							"host": [
								"{{baseUrl}}"
							],
							"path": [
								"api",
								"conversations"
							]
						}
					},
					"response": []
				},
				{
					"name": "Get Conversation with User",
					"request": {
						"method": "GET",
						"header": [
							{
								"key": "Authorization",
								"value": "Bearer {{authToken}}"
							}
						],
						"url": {
							"raw": "{{baseUrl}}/api/conversations/{{userId}}",
							"host": [
								"{{baseUrl}}"
							],
							"path": [
								"api",
								"conversations",
								"{{userId}}"
							]
						}
					},
					"response": []
				}
			]
		}
	],
	"event": [
		{
			"listen": "prerequest",
			"script": {
				"type": "text/javascript",
				"exec": [
					""
				]
			}
		},
		{
			"listen": "test",
			"script": {
				"type": "text/javascript",
				"exec": [
					""
				]
			}
		}
	],
	"variable": [
		{
			"key": "baseUrl",
			"value": "http://localhost:5000",
			"type": "string"
		},
		{
			"key": "authToken",
			"value": "",
			"type": "string"
		},
		{
			"key": "userId",
			"value": "",
			"type": "string"
		},
		{
			"key": "receiverId",
			"value": "",
			"type": "string"
		},
		{
			"key": "resetToken",
			"value": "",
			"type": "string"
		}
	]
} 